,,Mag Size,Reload,RPM,RPS,DPR,TPS,DPS,DPS w/ Reload,Full Mag DMG,Full Mag DMG w/ HS,Headshot Multi,DPS w/ HS,DPS w/ HS & Reload,DMG Falloff,,,RPS,Rounds per second
,Light Class ,,,,,,,,,,,,,,,Light Class ,,DPR,Damage per round
,Dagger,1.0,-,-,-,50.0,-,-,-,-,-,1.0,-,-,-,Dagger,,TPS,Time per shot
,LH1,15.0,2.7,300.0,5.0,49.0,0.2,245.0,128.95,735.0,1470.0,2.0,490.0,257.89,>120m,LH1,,DPS,Damager per second
,M11,40.0,1.7,1000.0,16.7,16.0,0.06,266.7,156.10,640.0,960.0,1.5,400.0,234.15,15m,M11,,HS,Headshot
,SH1900,2.0,2.5,100.0,1.7,150.0,0.6,250.0,81.08,300.0,300.0,1.0,250.0,81.08,-,SH1900,15 pellets * 10 dmg,,
,SR-84,6.0,3.0,50.0,0.8,115.0,1.2,95.8,67.65,690.0,1380.0,2.0,191.7,135.29,>120m,SR-84,,Sources,
,Sword,1.0,-,-,-,74.0,-,-,-,-,-,1.0,-,-,-,Sword,,https://docs.google.com/spreadsheets/d/11wA3KDdLcd_YY4yCKsT1E7HqxNdBF2XaMWwYay9JExM/edit?pli=1#gid=534624485,
,Throwing Knives,1.0,-,140.0,2.3,60.0,0.429,140.0,-,60.0,90.0,1.5,210.0,-,>50m,Throwing Knives,,https://www.thefinals.wiki/wiki/Main_Page,
,V9S,20.0,1.3,425.0,7.1,36.0,0.141,255.0,174.61,720.0,1080.0,1.5,382.5,261.91,15m,V9S,,https://docs.google.com/spreadsheets/d/16t26Mavr7ajBmnD80kay_aM036LaxdXy/edit#gid=213460420,
,XP-54,30.0,2.7,850.0,14.2,18.0,0.071,255.0,112.09,540.0,810.0,1.5,382.5,168.13,25m,XP-54,,,
,,,,,,,,,,,,,,,,,,,
,,,,,,,,,,,,,,,,,,,
,,,,,,,,,,,,,,,,,,,
,,,,,,,,,,,,,,,,,,,
,,Mag Size,Reload,RPM,RPS,DPR,TPS,DPS,DPS w/ Reload,Full Mag DMG,Full Mag DMG w/ HS,Headshot Multi,DPS w/ HS,DPS w/ HS & Reload,DMG Falloff,,,,
,Medium Class,,,,,,,,,,,,,,,Medium Class,,,
,AKM,36.0,2.3,600.0,10.0,20.0,0.1,200.0,122.03,720.0,1080.0,1.5,300.0,183.05,>120m,AKM,,,
,CL-40,4.0,2.3,80.0,1.3,110.0,0.75,146.7,83.02,440.0,440.0,1.0,146.7,83.02,-,CL-40,,,
,FCAR,20.0,2.0,540.0,9.0,25.0,0.111,225.0,118.42,500.0,750.0,1.5,337.5,177.63,>120m,FCAR,,,
,Model 1887,6.0,3.0,75.0,1.3,128.0,0.8,160.0,98.46,768.0,768.0,1.0,160.0,98.46,-,Model 1887,8 pellets * 16 dmg,,
,R .357,6.0,2.2,150.0,2.5,74.0,0.4,185.0,96.52,444.0,888.0,2.0,370.0,193.04,23m,R .357,,,
,Riot Shield ,1.0,-,66.7,1.1,84.0,0.9,-,-,84.0,84.0,1.0,-,-,-,Riot Shield ,,,
,,,,,,,,,,,,,,,,,,,
,,,,,,,,,,,,,,,,,,,
,,,,,,,,,,,,,,,,,,,
,,Mag Size,Reload,RPM,RPS,DPR,TPS,DPS,DPS w/ Reload,Full Mag DMG,Full Mag DMG w/ HS,Headshot Multi,DPS w/ HS,DPS w/ HS & Reload,DMG Falloff,,,,
,Heavy Class ,,,,,,,,,,,,,,,Heavy Class ,,,
,Flamethrower,30.0,3.5,170.0,2.8,30.0,0.353,85.0,63.88,900.0,900.0,1.0,85.0,63.88,-,Flamethrower,,,
,Lewis Gun,47.0,3.5,500.0,8.3,25.0,0.12,208.3,128.56,1175.0,1762.5,1.5,312.5,192.83,>120m,Lewis Gun,,,
,M60,70.0,3.5,570.0,9.5,22.0,0.105,209.0,141.69,1540.0,2310.0,1.5,313.5,212.54,30m,M60,,,
,MGL32,6.0,3.1,-,-,83.0,-,-,-,498.0,498.0,1.0,-,-,-,MGL32,,,
,SA1216,16.0,3.0,225.0,3.8,91.0,0.267,341.3,200.37,1456.0,1456.0,1.0,341.3,200.37,-,SA1216,13 pellets * 7 dmg,,
,Sledgehammer,1.0,-,-,-,115.0,-,-,-,115.0,115.0,1.0,-,-,-,Sledgehammer,,,
,,,,,,,,,,,,,,,,,,,
,,,,,,,,,,,,,,,,,,,
,,,,,,,,,,,,,,,,,,,
,,,,,,,,,,,,,,,,,,,
,TTK Charts,,,,,,,,,,,,,,,,,,
,,,,,,,,,,,,,,,,,,,
,BODY SHOTS,,,,,,,,HEADSHOTS,,,,,,,,,,
,,,,,,,,,,,,,,,,,,,
,Light Class,,Heavy,,Medium,,Light,,Light Class,,Heavy,,Medium,,Light,,,,
,,Bullets Needed,350 hp,Bullets Needed,250 hp,Bullets Needed,150 hp,,,Bullets Needed,350 hp,Bullets Needed,250 hp,Bullets Needed,150 hp,,,,
,Dagger,7,-,5.00,-,3.00,-,,Dagger,7,-,5.00,-,3.00,-,,,,
,LH1,8,1.40,6.00,1.00,4.00,0.60,,LH1,4,0.60,3.00,0.40,2.00,0.20,,,,
,M11,22,1.26,16.00,0.90,10.00,0.54,,M11,15,0.84,11.00,0.60,7.00,0.36,,,,
,SH1900,3,3.70,2.00,0.60,1.00,0.00,,SH1900,3,3.70,2.00,0.60,1.00,0.00,,,,
,SR-84,4,3.60,3.00,2.40,2.00,1.20,,SR-84,2,1.20,2.00,1.20,1.00,0.00,,,,
,Sword,5,-,4.00,-,3.00,-,,Sword,5,-,4.00,-,3.00,-,,,,
,Throwing Knives,6,2.14,5.00,1.72,3.00,0.86,,Throwing Knives,4,1.29,3.00,0.86,2.00,0.43,,,,
,V9S,10,1.27,7.00,0.85,5.00,0.56,,V9S,7,0.85,5.00,0.56,3.00,0.28,,,,
,XP-54,20,1.34,14.00,0.92,9.00,0.57,,XP-54,13,0.85,10.00,0.64,6.00,0.36,,,,
,,,,,,,,,,,,,,,,,,,
,,,,,,,,,,,,,,,,,,,
,Medium Class,,Heavy,,Medium,,Light,,Medium Class,,Heavy,,Medium,,Light,,,,
,,Bullets Needed,350 hp,Bullets Needed,250 hp,Bullets Needed,150 hp,,,Bullets Needed,350 hp,Bullets Needed,250 hp,Bullets Needed,150 hp,,,,
,AKM,18.0,1.7,13.0,1.2,8.0,0.7,,AKM,12.0,1.1,9.0,0.8,5.0,0.4,,,,
,CL-40,4.0,2.3,3.0,1.5,2.0,0.8,,CL-40,4.0,2.3,3.0,1.5,2.0,0.8,,,,
,FCAR,14.0,1.4,10.0,1.0,6.0,0.6,,FCAR,10.0,1.0,7.0,0.7,4.0,0.3,,,,
,Model 1887,3.0,1.6,2.0,0.8,2.0,0.8,,Model 1887,3.0,1.6,2.0,0.8,2.0,0.8,,,,
,R .357,5.0,1.6,4.0,1.2,3.0,0.8,,R .357,3.0,0.8,2.0,0.4,2.0,0.4,,,,
,Riot Shield ,5.0,3.6,3.0,1.8,2.0,0.9,,Riot Shield ,5.0,3.6,3.0,1.8,2.0,0.9,,,,
,,,,,,,,,,,,,,,,,,,
,,,,,,,,,,,,,,,,,,,
,Heavy Class ,,Heavy,,Medium,,Light,,Heavy Class ,,Heavy,,Medium,,Light,,,,
,,Bullets Needed,350 hp,Bullets Needed,250 hp,Bullets Needed,150 hp,,,Bullets Needed,350 hp,Bullets Needed,250 hp,Bullets Needed,150 hp,,,,
,Flamethrower,12.0,3.9,9.0,2.8,5.0,1.4,,Flamethrower,12.0,3.9,9.0,2.8,5.0,1.4,,,,
,Lewis Gun,14.0,1.6,10.0,1.1,6.0,0.6,,Lewis Gun,10.0,1.1,7.0,0.7,4.0,0.4,,,,
,M60,16.0,1.6,12.0,1.2,7.0,0.6,,M60,11.0,1.1,8.0,0.7,5.0,0.4,,,,
,MGL32,5.0,-,4.0,-,2.0,-,,MGL32,5.0,-,4.0,-,2.0,-,,,,
,SA1216,4.0,0.8,3.0,0.5,2.0,0.3,,SA1216,4.0,0.8,3.0,0.5,2.0,0.3,,,,
,Sledgehammer,4.0,-,3.0,-,2.0,-,,Sledgehammer,4.0,-,3.0,-,2.0,-,,,,